{
    "6QCUIsv2OqEHzjQMzbKBUg": [
        1724869044.912693,
        1724861568.950279,
        12
    ],
    "q78b5ohxkkbjNDw9KuVgLQ": [
        1724869446.192558,
        1724861578.412213,
        12
    ],
    "KObKt70dzQ2EIhHH3iuVfQ": [
        1724869084.6503181,
        1724861592.0081549,
        12
    ],
    "5kD9Yo7SAljIvTS0ZQ9GTA": [
        1724869462.860672,
        1724861602.1150599,
        13
    ],
    "RunlJViAnruXCe8VuIYOFQ": [
        1724869142.816706,
        1724861613.4744499,
        12
    ],
    "mdhqB5VY5kbTE31WtXMP2g": [
        1724869180.022431,
        1724861622.176916,
        12
    ],
    "MKuvdA0zpl05Pf9Qw34VCA": [
        1724869197.844625,
        1724861631.818248,
        12
    ],
    "EDKQq1sEEO3q9rQSnP6m1Q": [
        1724869205.3858829,
        1724861641.252558,
        12
    ],
    "TPneBxyIxdUczpDCldsarw": [
        1724869215.023246,
        1724861652.694464,
        12
    ],
    "2xZ0oHkkVINpy1RnZoywKg": [
        1724869224.4461818,
        1724861661.621516,
        12
    ],
    "aL8JacDf9NPlzek3FNtPVQ": [
        1724869471.1641111,
        1724861671.2321558,
        12
    ],
    "M6gKf1NTTAO59hLdNt5oAg": [
        1724869477.786258,
        1724861680.9046998,
        12
    ],
    "J07XPS0obh8rYOnE9CAoDg": [
        1724869310.756542,
        1724861689.221631,
        12
    ],
    "62cPtWcAVAFNFn8i9fBCLQ": [
        1724869317.0964968,
        1724861698.359267,
        11
    ],
    "f8JRiBYAWhkGeZ5gPqsqzA": [
        1724869323.313492,
        1724861708.0557241,
        11
    ],
    "2VWAdKE3awuC9HisyGvwwA": [
        1724869332.183167,
        1724861720.679799,
        11
    ],
    "745UJ85LrfrcC5Nj5J3FXA": [
        1724869339.2463639,
        1724861731.175364,
        11
    ],
    "9IRUjriUvgK7YObfnTxSpQ": [
        1724869582.796654,
        1724862342.02261,
        4
    ],
    "fQK5AQ8po9iTsjd6rmNK6Q": [
        1724867582.652626,
        1724863952.9569201,
        4
    ]
}