{
    "6QCUIsv2OqEHzjQMzbKBUg": [
        1724865258.5413032,
        1724861568.950279,
        12
    ],
    "q78b5ohxkkbjNDw9KuVgLQ": [
        1724865265.3997881,
        1724861578.412213,
        12
    ],
    "KObKt70dzQ2EIhHH3iuVfQ": [
        1724865272.7840111,
        1724861592.0081549,
        12
    ],
    "5kD9Yo7SAljIvTS0ZQ9GTA": [
        1724865279.730688,
        1724861602.1150599,
        12
    ],
    "RunlJViAnruXCe8VuIYOFQ": [
        1724865286.320159,
        1724861613.4744499,
        12
    ],
    "mdhqB5VY5kbTE31WtXMP2g": [
        1724865293.252127,
        1724861622.176916,
        12
    ],
    "MKuvdA0zpl05Pf9Qw34VCA": [
        1724865299.699153,
        1724861631.818248,
        12
    ],
    "EDKQq1sEEO3q9rQSnP6m1Q": [
        1724865305.6310852,
        1724861641.252558,
        12
    ],
    "TPneBxyIxdUczpDCldsarw": [
        1724865312.57936,
        1724861652.694464,
        12
    ],
    "2xZ0oHkkVINpy1RnZoywKg": [
        1724865319.369529,
        1724861661.621516,
        12
    ],
    "aL8JacDf9NPlzek3FNtPVQ": [
        1724865326.390553,
        1724861671.2321558,
        12
    ],
    "M6gKf1NTTAO59hLdNt5oAg": [
        1724865332.339506,
        1724861680.9046998,
        12
    ],
    "J07XPS0obh8rYOnE9CAoDg": [
        1724865339.244535,
        1724861689.221631,
        11
    ],
    "62cPtWcAVAFNFn8i9fBCLQ": [
        1724865345.202576,
        1724861698.359267,
        11
    ],
    "f8JRiBYAWhkGeZ5gPqsqzA": [
        1724865351.524462,
        1724861708.0557241,
        11
    ],
    "2VWAdKE3awuC9HisyGvwwA": [
        1724865357.2801669,
        1724861720.679799,
        11
    ],
    "745UJ85LrfrcC5Nj5J3FXA": [
        1724865363.392826,
        1724861731.175364,
        11
    ],
    "9IRUjriUvgK7YObfnTxSpQ": [
        1724865972.005989,
        1724862342.02261,
        4
    ],
    "fQK5AQ8po9iTsjd6rmNK6Q": [
        1724867582.652626,
        1724863952.9569201,
        4
    ]
}